SampleName	Condition
ACH-000008	WT
ACH-000014	WT
ACH-000219	WT
ACH-000274	WT
ACH-000304	WT
ACH-000322	WT
ACH-000348	DamagingVariant
ACH-000401	NonDamagingVariant
ACH-000404	WT
ACH-000423	NonDamagingVariant
ACH-000425	WT
ACH-000441	WT
ACH-000450	WT
ACH-000458	NonDamagingVariant
ACH-000465	WT
ACH-000477	WT
ACH-000550	DamagingVariant
ACH-000572	WT
ACH-000579	WT
ACH-000580	WT
ACH-000582	DamagingVariant
ACH-000614	DamagingVariant
ACH-000615	NonDamagingVariant
ACH-000632	DamagingVariant
ACH-000640	WT
ACH-000644	WT
ACH-000650	DamagingVariant
ACH-000661	WT
ACH-000730	WT
ACH-000750	WT
ACH-000765	NonDamagingVariant
ACH-000788	NonDamagingVariant
ACH-000799	WT
ACH-000801	WT
ACH-000805	WT
ACH-000810	NA
ACH-000812	NonDamagingVariant
ACH-000814	WT
ACH-000822	WT
ACH-000827	WT
ACH-000881	WT
ACH-000882	WT
ACH-000884	NonDamagingVariant
ACH-000899	WT
ACH-000915	DamagingVariant
ACH-000931	NonDamagingVariant
ACH-000968	WT
ACH-000987	NA
ACH-001002	NonDamagingVariant
ACH-001024	NonDamagingVariant
ACH-001044	NonDamagingVariant
ACH-001072	NonDamagingVariant
ACH-001131	NonDamagingVariant
ACH-001190	NonDamagingVariant
ACH-001239	WT
ACH-001328	NonDamagingVariant
ACH-001339	NonDamagingVariant
ACH-001442	NonDamagingVariant
ACH-001521	DamagingVariant
ACH-001522	WT
ACH-001523	NonDamagingVariant
ACH-001524	WT
ACH-001550	NonDamagingVariant
ACH-001551	NonDamagingVariant
ACH-001552	DamagingVariant
ACH-001563	WT
ACH-001566	WT
ACH-001567	WT
ACH-001568	WT
ACH-001569	NonDamagingVariant
ACH-001570	WT
ACH-001645	WT
ACH-001704	WT
ACH-001970	WT
ACH-001973	DamagingVariant
ACH-001982	WT
ACH-002001	WT
ACH-002002	WT
ACH-002003	WT
ACH-002004	WT
ACH-002005	NonDamagingVariant
ACH-002040	NonDamagingVariant
ACH-002084	WT
ACH-002091	NonDamagingVariant
ACH-002096	WT
ACH-002097	WT
ACH-002098	WT
ACH-002100	NonDamagingVariant
ACH-002120	WT
ACH-002121	WT
ACH-002143	NonDamagingVariant
ACH-002147	WT
ACH-002152	WT
ACH-002153	WT
ACH-002159	NonDamagingVariant
ACH-002162	WT
ACH-002165	WT
ACH-002166	WT
ACH-002200	NonDamagingVariant
ACH-002205	NonDamagingVariant
ACH-002206	WT
ACH-002207	WT
ACH-002338	WT
ACH-002386	WT
ACH-002387	WT
ACH-002388	WT
ACH-002458	WT
ACH-002459	WT
ACH-002460	WT
ACH-002461	WT
ACH-002508	NonDamagingVariant
ACH-002509	WT
ACH-002510	WT
ACH-002511	WT
ACH-002512	WT
